{"Decision Tree": {"MSE": 1.90645, "RMSE": 1.3807425538455749, "MAE": 1.02215, "Precision": 0.6393693693693694, "Recall": 0.642262443438914, "F1": 0.6408126410835214, "Runtime": 0.9312798976898193, "Precision@k": 0.531324004305705, "Recall@k": 0.6957946935806117}, "Naive Bayes": {"MSE": 2.6291, "RMSE": 1.621449968392488, "MAE": 1.2416, "Precision": 0.6232013496080182, "Recall": 0.5683257918552036, "F1": 0.5944999290008046, "Runtime": 0.1505415439605713, "Precision@k": 0.515069967707212, "Recall@k": 0.6834361690000617}, "MLP": {"MSE": 1.1915022053248925, "RMSE": 1.0915595289881777, "MAE": 0.8854997644906123, "Precision": 0.7204502814258912, "Recall": 0.13900452488687784, "F1": 0.23304506144742831, "Runtime": 11.91672682762146, "Precision@k": 0.5348762109795479, "Recall@k": 0.6990566790761576}}