{"FLAML": {"MSE": 0.8790769962208024, "RMSE": 0.9375910602287131, "MAE": 0.7420037333320805, "Precision": 0.840115678578806, "Recall": 0.3680542986425339, "F1": 0.5118620602856963, "Runtime": 123.92071723937988, "Precision@k": 0.5782561894510226, "Recall@k": 0.7276203172336755, "Best Algorithm": "lgbm"}, "PyCaret": {"MSE": 0.9289932380299276, "RMSE": 0.9638429529907492, "MAE": 0.76852151453197, "Precision": 0.8402885110767645, "Recall": 0.2952036199095023, "F1": 0.4369140101794803, "Runtime": 187.3532679080963, "Precision@k": 0.5716899892357373, "Recall@k": 0.722464674101617, "Best Algorithm": "xgboost"}, "H2O AutoML": {"MSE": 0.895187991654922, "RMSE": 0.9461437478813259, "MAE": 0.7526413801240592, "Precision": 0.8441001191895113, "Recall": 0.3204524886877828, "F1": 0.46454575270580517, "Runtime": 158.69625306129456, "Precision@k": 0.5776103336921421, "Recall@k": 0.7293653050108977, "Best Algorithm": "stackedensemble"}}