{"Decision Tree": {"MSE": 1.9017, "RMSE": 1.3790213921473444, "MAE": 1.0231, "Precision": 0.6373902132998746, "Recall": 0.6436199095022624, "F1": 0.6404899135446686, "Runtime": 0.8833849430084229, "Precision@k": 0.5293864370290635, "Recall@k": 0.6924808057729782}, "Naive Bayes": {"MSE": 2.6291, "RMSE": 1.621449968392488, "MAE": 1.2416, "Precision": 0.6232013496080182, "Recall": 0.5683257918552036, "F1": 0.5944999290008046, "Runtime": 0.13969945907592773, "Precision@k": 0.515069967707212, "Recall@k": 0.6834361690000617}, "MLP": {"MSE": 1.1915022053248925, "RMSE": 1.0915595289881777, "MAE": 0.8854997644906123, "Precision": 0.7204502814258912, "Recall": 0.13900452488687784, "F1": 0.23304506144742831, "Runtime": 13.228256702423096, "Precision@k": 0.5348762109795479, "Recall@k": 0.6990566790761576}}