{"Decision Tree": {"MSE": 1.9158, "RMSE": 1.3841242718773483, "MAE": 1.0259, "Precision": 0.6381089082264286, "Recall": 0.643710407239819, "F1": 0.640897418570077, "Runtime": 1.460038423538208, "Precision@k": 0.5291711517761033, "Recall@k": 0.6936639984584324}, "Naive Bayes": {"MSE": 2.6291, "RMSE": 1.621449968392488, "MAE": 1.2416, "Precision": 0.6232013496080182, "Recall": 0.5683257918552036, "F1": 0.5944999290008046, "Runtime": 0.26144862174987793, "Precision@k": 0.515069967707212, "Recall@k": 0.6834361690000617}, "MLP": {"MSE": 1.1915022053248925, "RMSE": 1.0915595289881777, "MAE": 0.8854997644906123, "Precision": 0.7204502814258912, "Recall": 0.13900452488687784, "F1": 0.23304506144742831, "Runtime": 19.504619121551514, "Precision@k": 0.5348762109795479, "Recall@k": 0.6990566790761576}}