{"FLAML": {"MSE": 0.8830041189007084, "RMSE": 0.9396829885129923, "MAE": 0.7497352963495664, "Precision": 0.853150406504065, "Recall": 0.30389140271493215, "F1": 0.4481516081676231, "Runtime": 123.60327219963074, "Precision@k": 0.5779332615715823, "Recall@k": 0.7289682680703177, "Best Algorithm": "lgbm"}, "PyCaret": {"MSE": 0.9289932380299276, "RMSE": 0.9638429529907492, "MAE": 0.76852151453197, "Precision": 0.8402885110767645, "Recall": 0.2952036199095023, "F1": 0.4369140101794803, "Runtime": 178.85310769081116, "Precision@k": 0.5716899892357373, "Recall@k": 0.722464674101617, "Best Algorithm": "xgboost"}, "H2O AutoML": {"MSE": 0.895187991654922, "RMSE": 0.9461437478813259, "MAE": 0.7526413801240592, "Precision": 0.8441001191895113, "Recall": 0.3204524886877828, "F1": 0.46454575270580517, "Runtime": 159.20221781730652, "Precision@k": 0.5776103336921421, "Recall@k": 0.7293653050108977, "Best Algorithm": "stackedensemble"}}